{"cameraMode":{"drawMode":0,"name":"Shaded","section":"Shading Mode"},"sceneLighting":true,"audioPlay":false,"sceneViewState":{"m_AlwaysRefresh":false,"showFog":true,"showSkybox":true,"showFlares":true,"showImageEffects":true,"showParticleSystems":true,"showVisualEffectGraphs":true,"m_FxEnabled":true},"in2DMode":false,"pivot":{"x":6.952408313751221,"y":-0.868438720703125,"z":-0.09236526489257813},"rotation":{"x":0.021903712302446367,"y":0.9710937738418579,"z":-0.2161424458026886,"w":0.09854962676763535},"size":13.538290977478028,"orthographic":false}