{"cameraMode":{"drawMode":0,"name":"Shaded","section":"Shading Mode"},"sceneLighting":true,"audioPlay":false,"sceneViewState":{"m_AlwaysRefresh":false,"showFog":true,"showSkybox":true,"showFlares":true,"showImageEffects":true,"showParticleSystems":true,"showVisualEffectGraphs":true,"m_FxEnabled":true},"in2DMode":false,"pivot":{"x":12.312211036682129,"y":-3.064409017562866,"z":6.8199381828308109},"rotation":{"x":0.16339761018753053,"y":0.6900460124015808,"z":-0.16450627148151399,"w":0.6855595111846924},"size":16.051578521728517,"orthographic":false}